[
  {
    "inputs": [
      {
        "internalType": "address",
        "name": "_launchpadGenerator",
        "type": "address"
      },
      {
        "internalType": "address",
        "name": "_wglmr",
        "type": "address"
      },
      {
        "internalType": "address",
        "name": "_launchpadSettings",
        "type": "address"
      },
      {
        "internalType": "address",
        "name": "_launchpadLockForwarder",
        "type": "address"
      },
      {
        "internalType": "address",
        "name": "_energyFiDev",
        "type": "address"
      }
    ],
    "stateMutability": "nonpayable",
    "type": "constructor"
  },
  {
    "inputs": [],
    "name": "CONTRACT_VERSION",
    "outputs": [
      {
        "internalType": "uint256",
        "name": "",
        "type": "uint256"
      }
    ],
    "stateMutability": "view",
    "type": "function"
  },
  {
    "inputs": [],
    "name": "LAUNCHPAD_GENERATOR",
    "outputs": [
      {
        "internalType": "address",
        "name": "",
        "type": "address"
      }
    ],
    "stateMutability": "view",
    "type": "function"
  },
  {
    "inputs": [],
    "name": "WGLMR",
    "outputs": [
      {
        "internalType": "contract IWGLMR",
        "name": "",
        "type": "address"
      }
    ],
    "stateMutability": "view",
    "type": "function"
  },
  {
    "inputs": [],
    "name": "addLiquidity",
    "outputs": [],
    "stateMutability": "nonpayable",
    "type": "function"
  },
  {
    "inputs": [
      {
        "internalType": "address",
        "name": "",
        "type": "address"
      }
    ],
    "name": "buyers",
    "outputs": [
      {
        "internalType": "uint256",
        "name": "baseDeposited",
        "type": "uint256"
      },
      {
        "internalType": "uint256",
        "name": "tokensOwed",
        "type": "uint256"
      }
    ],
    "stateMutability": "view",
    "type": "function"
  },
  {
    "inputs": [
      {
        "internalType": "address[]",
        "name": "_users",
        "type": "address[]"
      },
      {
        "internalType": "bool",
        "name": "_add",
        "type": "bool"
      }
    ],
    "name": "editWhitelist",
    "outputs": [],
    "stateMutability": "nonpayable",
    "type": "function"
  },
  {
    "inputs": [],
    "name": "forceFailByEnergyFi",
    "outputs": [],
    "stateMutability": "nonpayable",
    "type": "function"
  },
  {
    "inputs": [],
    "name": "forceFailIfPairExists",
    "outputs": [],
    "stateMutability": "nonpayable",
    "type": "function"
  },
  {
    "inputs": [],
    "name": "getLaunchpadStatus",
    "outputs": [
      {
        "internalType": "uint256",
        "name": "",
        "type": "uint256"
      }
    ],
    "stateMutability": "view",
    "type": "function"
  },
  {
    "inputs": [
      {
        "internalType": "address",
        "name": "_user",
        "type": "address"
      }
    ],
    "name": "getUserWhitelistStatus",
    "outputs": [
      {
        "internalType": "bool",
        "name": "",
        "type": "bool"
      }
    ],
    "stateMutability": "view",
    "type": "function"
  },
  {
    "inputs": [
      {
        "internalType": "uint256",
        "name": "_index",
        "type": "uint256"
      }
    ],
    "name": "getWhitelistedUserAtIndex",
    "outputs": [
      {
        "internalType": "address",
        "name": "",
        "type": "address"
      }
    ],
    "stateMutability": "view",
    "type": "function"
  },
  {
    "inputs": [],
    "name": "getWhitelistedUsersLength",
    "outputs": [
      {
        "internalType": "uint256",
        "name": "",
        "type": "uint256"
      }
    ],
    "stateMutability": "view",
    "type": "function"
  },
  {
    "inputs": [
      {
        "internalType": "address payable",
        "name": "_launchpadOwner",
        "type": "address"
      },
      {
        "internalType": "uint256",
        "name": "_amount",
        "type": "uint256"
      },
      {
        "internalType": "uint256",
        "name": "_tokenPrice",
        "type": "uint256"
      },
      {
        "internalType": "uint256",
        "name": "_maxSpendPerBuyer",
        "type": "uint256"
      },
      {
        "internalType": "uint256",
        "name": "_hardcap",
        "type": "uint256"
      },
      {
        "internalType": "uint256",
        "name": "_softcap",
        "type": "uint256"
      },
      {
        "internalType": "uint256",
        "name": "_liquidityPercent",
        "type": "uint256"
      },
      {
        "internalType": "uint256",
        "name": "_listingRate",
        "type": "uint256"
      },
      {
        "internalType": "uint256",
        "name": "_startTime",
        "type": "uint256"
      },
      {
        "internalType": "uint256",
        "name": "_endTime",
        "type": "uint256"
      },
      {
        "internalType": "uint256",
        "name": "_lockPeriod",
        "type": "uint256"
      }
    ],
    "name": "init1",
    "outputs": [],
    "stateMutability": "nonpayable",
    "type": "function"
  },
  {
    "inputs": [
      {
        "internalType": "contract IERC20Meta",
        "name": "_baseToken",
        "type": "address"
      },
      {
        "internalType": "contract IERC20",
        "name": "_launchpadToken",
        "type": "address"
      },
      {
        "internalType": "uint256",
        "name": "_energyFiTokenFee",
        "type": "uint256"
      },
      {
        "internalType": "uint256",
        "name": "_referralFee",
        "type": "uint256"
      },
      {
        "internalType": "address payable",
        "name": "_baseFeeAddress",
        "type": "address"
      },
      {
        "internalType": "address payable",
        "name": "_tokenFeeAddress",
        "type": "address"
      },
      {
        "internalType": "address payable",
        "name": "_referralAddress",
        "type": "address"
      }
    ],
    "name": "init2",
    "outputs": [],
    "stateMutability": "nonpayable",
    "type": "function"
  },
  {
    "inputs": [],
    "name": "launchpadFeeInfo",
    "outputs": [
      {
        "internalType": "uint256",
        "name": "energyFiTokenFee",
        "type": "uint256"
      },
      {
        "internalType": "uint256",
        "name": "referralFee",
        "type": "uint256"
      },
      {
        "internalType": "address payable",
        "name": "baseFeeAddress",
        "type": "address"
      },
      {
        "internalType": "address payable",
        "name": "tokenFeeAddress",
        "type": "address"
      },
      {
        "internalType": "address payable",
        "name": "referralFeeAddress",
        "type": "address"
      }
    ],
    "stateMutability": "view",
    "type": "function"
  },
  {
    "inputs": [],
    "name": "launchpadInfo",
    "outputs": [
      {
        "internalType": "address payable",
        "name": "launchpadOwner",
        "type": "address"
      },
      {
        "internalType": "contract IERC20",
        "name": "sToken",
        "type": "address"
      },
      {
        "internalType": "contract IERC20Meta",
        "name": "bToken",
        "type": "address"
      },
      {
        "internalType": "uint256",
        "name": "amount",
        "type": "uint256"
      },
      {
        "internalType": "uint256",
        "name": "tokenPrice",
        "type": "uint256"
      },
      {
        "internalType": "uint256",
        "name": "maxSpendPerBuyer",
        "type": "uint256"
      },
      {
        "internalType": "uint256",
        "name": "softCap",
        "type": "uint256"
      },
      {
        "internalType": "uint256",
        "name": "hardcap",
        "type": "uint256"
      },
      {
        "internalType": "uint256",
        "name": "liquidityPercentage",
        "type": "uint256"
      },
      {
        "internalType": "uint256",
        "name": "listingRate",
        "type": "uint256"
      },
      {
        "internalType": "uint256",
        "name": "lockPeriod",
        "type": "uint256"
      },
      {
        "internalType": "uint256",
        "name": "startTime",
        "type": "uint256"
      },
      {
        "internalType": "uint256",
        "name": "endTime",
        "type": "uint256"
      },
      {
        "internalType": "bool",
        "name": "isGLMR",
        "type": "bool"
      }
    ],
    "stateMutability": "view",
    "type": "function"
  },
  {
    "inputs": [],
    "name": "launchpadLockForwarder",
    "outputs": [
      {
        "internalType": "contract ILaunchpadLockForwarder",
        "name": "",
        "type": "address"
      }
    ],
    "stateMutability": "view",
    "type": "function"
  },
  {
    "inputs": [],
    "name": "launchpadSettings",
    "outputs": [
      {
        "internalType": "contract ILaunchpadSettings",
        "name": "",
        "type": "address"
      }
    ],
    "stateMutability": "view",
    "type": "function"
  },
  {
    "inputs": [],
    "name": "launchpadStatus",
    "outputs": [
      {
        "internalType": "bool",
        "name": "forceFailed",
        "type": "bool"
      },
      {
        "internalType": "bool",
        "name": "lpGenerationComplete",
        "type": "bool"
      },
      {
        "internalType": "bool",
        "name": "whitelistOnly",
        "type": "bool"
      },
      {
        "internalType": "uint256",
        "name": "lpGenerationTimestamp",
        "type": "uint256"
      },
      {
        "internalType": "uint256",
        "name": "totalBaseCollected",
        "type": "uint256"
      },
      {
        "internalType": "uint256",
        "name": "totalBaseWithdrawn",
        "type": "uint256"
      },
      {
        "internalType": "uint256",
        "name": "totalTokensSold",
        "type": "uint256"
      },
      {
        "internalType": "uint256",
        "name": "totalTokensWithdrawn",
        "type": "uint256"
      },
      {
        "internalType": "uint256",
        "name": "numBuyers",
        "type": "uint256"
      },
      {
        "internalType": "uint256",
        "name": "round1Length",
        "type": "uint256"
      }
    ],
    "stateMutability": "view",
    "type": "function"
  },
  {
    "inputs": [],
    "name": "ownerWithdrawTokens",
    "outputs": [],
    "stateMutability": "nonpayable",
    "type": "function"
  },
  {
    "inputs": [
      {
        "internalType": "bool",
        "name": "_flag",
        "type": "bool"
      }
    ],
    "name": "setWhitelistFlag",
    "outputs": [],
    "stateMutability": "nonpayable",
    "type": "function"
  },
  {
    "inputs": [
      {
        "internalType": "uint256",
        "name": "_startTime",
        "type": "uint256"
      },
      {
        "internalType": "uint256",
        "name": "_endTime",
        "type": "uint256"
      }
    ],
    "name": "updateDuration",
    "outputs": [],
    "stateMutability": "nonpayable",
    "type": "function"
  },
  {
    "inputs": [
      {
        "internalType": "uint256",
        "name": "_maxSpend",
        "type": "uint256"
      }
    ],
    "name": "updateMaxSpendLimit",
    "outputs": [],
    "stateMutability": "nonpayable",
    "type": "function"
  },
  {
    "inputs": [
      {
        "internalType": "uint256",
        "name": "_amount",
        "type": "uint256"
      }
    ],
    "name": "userDeposit",
    "outputs": [],
    "stateMutability": "payable",
    "type": "function"
  },
  {
    "inputs": [],
    "name": "userWithdrawBaseTokens",
    "outputs": [],
    "stateMutability": "nonpayable",
    "type": "function"
  },
  {
    "inputs": [],
    "name": "userWithdrawTokens",
    "outputs": [],
    "stateMutability": "nonpayable",
    "type": "function"
  }
]